timestamp,symbol,signal,reason,trend_ok,rsi_ok,volume_ok,ema_20,ema_50,rsi_14,volume,volume_avg
2026-04-27T14:49:56.234096+00:00,AAPL,False,EMA20(268.04) not above EMA50(269.08); RSI(35.80) not above 55.0; volume(9055) not above avg(20154),False,False,False,268.0416,269.0840,35.8026,9055.0000,20154.4000
2026-04-27T14:49:56.561887+00:00,MSFT,False,RSI(52.87) not above 55.0; volume(6745) not above avg(10682),True,False,False,422.3553,421.9006,52.8685,6745.0000,10681.5000
2026-04-27T14:49:56.720635+00:00,NVDA,False,RSI(49.42) not above 55.0; volume(21885) not above avg(80109),True,False,False,209.3438,208.9644,49.4196,21885.0000,80108.7500
2026-04-27T14:49:57.550317+00:00,TSLA,False,EMA20(369.09) not above EMA50(371.80); RSI(41.68) not above 55.0; volume(9573) not above avg(15471),False,False,False,369.0929,371.8032,41.6807,9573.0000,15471.1000
2026-04-27T14:49:57.866150+00:00,SPY,False,RSI(50.37) not above 55.0; volume(5457) not above avg(17602),True,False,False,713.7333,713.5211,50.3676,5457.0000,17601.8000
2026-04-27T14:49:58.289916+00:00,QQQ,False,EMA20(662.77) not above EMA50(662.85); RSI(46.18) not above 55.0; volume(1900) not above avg(13896),False,False,False,662.7696,662.8459,46.1849,1900.0000,13896.0000
2026-04-27T14:54:59.514258+00:00,AAPL,False,EMA20(267.92) not above EMA50(268.99); RSI(33.34) not above 55.0; volume(7324) not above avg(20791),False,False,False,267.9201,268.9930,33.3433,7324.0000,20790.7000
2026-04-27T14:54:59.886812+00:00,MSFT,False,RSI(54.63) not above 55.0; volume(8562) not above avg(11341),True,False,False,422.4868,421.9738,54.6270,8562.0000,11341.4500
2026-04-27T14:55:00.721847+00:00,NVDA,False,RSI(50.67) not above 55.0; volume(33923) not above avg(81962),True,False,False,209.3602,208.9864,50.6744,33923.0000,81961.7000
2026-04-27T14:55:01.475023+00:00,TSLA,False,EMA20(368.82) not above EMA50(371.58); RSI(35.34) not above 55.0; volume(10942) not above avg(14965),False,False,False,368.8157,371.5825,35.3431,10942.0000,14964.8000
2026-04-27T14:55:01.683707+00:00,SPY,False,RSI(47.55) not above 55.0; volume(18542) not above avg(18563),True,False,False,713.7062,713.5181,47.5455,18542.0000,18562.6000
2026-04-27T14:55:02.109096+00:00,QQQ,False,EMA20(662.70) not above EMA50(662.81); RSI(42.49) not above 55.0; volume(3551) not above avg(14092),False,False,False,662.7009,662.8144,42.4852,3551.0000,14091.9000
2026-04-27T15:00:02.597787+00:00,AAPL,False,EMA20(267.84) not above EMA50(268.92); RSI(39.35) not above 55.0; volume(6103) not above avg(21305),False,False,False,267.8407,268.9180,39.3502,6103.0000,21304.6500
2026-04-27T15:00:02.783614+00:00,MSFT,False,volume(5281) not above avg(11675),True,True,False,422.5963,422.0387,56.6506,5281.0000,11675.3000
2026-04-27T15:00:03.009351+00:00,NVDA,False,RSI(50.78) not above 55.0; volume(28592) not above avg(83359),True,False,False,209.3630,209.0022,50.7842,28592.0000,83359.1500
2026-04-27T15:00:03.164694+00:00,TSLA,False,EMA20(368.56) not above EMA50(371.37); RSI(34.72) not above 55.0; volume(6641) not above avg(13195),False,False,False,368.5561,371.3671,34.7151,6641.0000,13195.2000
2026-04-27T15:00:03.385866+00:00,SPY,False,RSI(49.06) not above 55.0; volume(9830) not above avg(19049),True,False,False,713.6989,713.5225,49.0555,9830.0000,19049.1000
2026-04-27T15:00:03.559090+00:00,QQQ,False,EMA20(662.66) not above EMA50(662.79); RSI(44.26) not above 55.0; volume(2772) not above avg(14227),False,False,False,662.6603,662.7933,44.2569,2772.0000,14227.0000
2026-04-27T15:05:05.090659+00:00,AAPL,False,EMA20(267.78) not above EMA50(268.85); RSI(39.62) not above 55.0; volume(11814) not above avg(21890),False,False,False,267.7811,268.8512,39.6170,11814.0000,21889.8500
2026-04-27T15:05:05.471388+00:00,MSFT,False,RSI(50.50) not above 55.0; volume(5970) not above avg(11972),True,False,False,422.5957,422.0604,50.5045,5970.0000,11971.5500
2026-04-27T15:05:06.150965+00:00,NVDA,False,RSI(48.91) not above 55.0; volume(24760) not above avg(84588),True,False,False,209.3503,209.0111,48.9082,24760.0000,84588.1500
2026-04-27T15:05:06.797465+00:00,TSLA,False,EMA20(368.20) not above EMA50(371.11); RSI(31.14) not above 55.0; volume(11372) not above avg(13757),False,False,False,368.2012,371.1107,31.1396,11372.0000,13756.9000
2026-04-27T15:05:07.864475+00:00,SPY,False,RSI(40.10) not above 55.0; volume(12218) not above avg(19650),True,False,False,713.6238,713.4985,40.1038,12218.0000,19650.0000
2026-04-27T15:05:08.661220+00:00,QQQ,False,EMA20(662.57) not above EMA50(662.75); RSI(39.03) not above 55.0; volume(3632) not above avg(14401),False,False,False,662.5679,662.7500,39.0329,3632.0000,14400.6000
2026-04-27T15:10:09.180739+00:00,AAPL,False,EMA20(267.71) not above EMA50(268.78); RSI(38.39) not above 55.0; volume(11697) not above avg(22469),False,False,False,267.7143,268.7817,38.3894,11697.0000,22469.4500
2026-04-27T15:10:09.358886+00:00,MSFT,False,RSI(49.55) not above 55.0; volume(11949) not above avg(12530),True,False,False,422.5771,422.0737,49.5521,11949.0000,12530.3000
2026-04-27T15:10:09.524358+00:00,NVDA,False,RSI(52.78) not above 55.0; volume(39029) not above avg(86531),True,False,False,209.3703,209.0327,52.7825,39029.0000,86530.6000
2026-04-27T15:10:09.655622+00:00,TSLA,False,EMA20(367.89) not above EMA50(370.87); RSI(31.50) not above 55.0,False,False,True,367.8859,370.8668,31.5014,14677.0000,14481.7500
2026-04-27T15:10:09.792292+00:00,SPY,False,RSI(42.38) not above 55.0,True,False,True,713.5696,713.4811,42.3840,23459.0000,20818.9500
2026-04-27T15:10:09.930442+00:00,QQQ,False,EMA20(662.53) not above EMA50(662.73); RSI(45.01) not above 55.0; volume(5920) not above avg(14694),False,False,False,662.5319,662.7281,45.0077,5920.0000,14694.1000
2026-04-28T13:43:15.661284+00:00,AAPL,False,volume(17267) not above avg(20243),True,True,False,268.8235,267.9257,59.6298,17267.0000,20243.3000
2026-04-28T13:43:15.806895+00:00,MSFT,False,EMA20(423.88) not above EMA50(424.23); RSI(43.79) not above 55.0; volume(5054) not above avg(12814),False,False,False,423.8825,424.2337,43.7935,5054.0000,12813.9500
2026-04-28T13:43:15.958112+00:00,NVDA,False,EMA20(211.04) not above EMA50(212.10),False,True,True,211.0408,212.1043,57.0316,85709.0000,25912.0500
2026-04-28T13:43:16.099955+00:00,TSLA,False,RSI(49.20) not above 55.0,True,False,True,376.7430,376.2727,49.2048,12790.0000,10271.3000
2026-04-28T13:43:16.249443+00:00,SPY,False,EMA20(712.40) not above EMA50(713.32); RSI(49.10) not above 55.0; volume(19285) not above avg(20093),False,False,False,712.4008,713.3240,49.0985,19285.0000,20093.0500
2026-04-28T13:43:16.409923+00:00,QQQ,False,EMA20(658.06) not above EMA50(660.00); RSI(53.18) not above 55.0,False,False,True,658.0636,659.9973,53.1759,13752.0000,5981.7000
2026-04-28T13:48:17.906373+00:00,AAPL,False,volume(16161) not above avg(21433),True,True,False,268.9664,268.0205,64.5582,16161.0000,21432.6500
2026-04-28T13:48:18.562772+00:00,MSFT,False,EMA20(424.15) not above EMA50(424.33); volume(11147) not above avg(13309),False,True,False,424.1498,424.3317,56.8173,11147.0000,13308.7000
2026-04-28T13:48:19.057828+00:00,NVDA,False,EMA20(211.04) not above EMA50(212.06); RSI(51.56) not above 55.0,False,False,True,211.0381,212.0601,51.5567,80559.0000,32605.8000
2026-04-28T13:48:19.568916+00:00,TSLA,False,volume(8655) not above avg(10763),True,True,False,376.9929,376.3957,56.7029,8655.0000,10763.0500
2026-04-28T13:48:20.101817+00:00,SPY,False,EMA20(712.38) not above EMA50(713.28); RSI(46.97) not above 55.0; volume(13174) not above avg(19772),False,False,False,712.3832,713.2801,46.9703,13174.0000,19772.2000
2026-04-28T13:48:20.889502+00:00,QQQ,False,EMA20(658.14) not above EMA50(659.95); RSI(53.23) not above 55.0,False,False,True,658.1438,659.9539,53.2281,9372.0000,7441.0000
2026-04-28T13:53:21.350728+00:00,AAPL,True,All conditions met,True,True,True,269.1251,268.1238,65.2546,30999.0000,23260.2500
2026-04-28T13:53:21.502312+00:00,MSFT,False,EMA20(424.41) not above EMA50(424.43); volume(4789) not above avg(13447),False,True,False,424.4110,424.4319,60.1265,4789.0000,13446.9000
2026-04-28T13:53:21.655758+00:00,NVDA,False,EMA20(211.15) not above EMA50(212.07); RSI(53.07) not above 55.0,False,False,True,211.1467,212.0655,53.0653,78853.0000,38630.0500
2026-04-28T13:53:21.807038+00:00,TSLA,False,RSI(54.36) not above 55.0; volume(10339) not above avg(11096),True,False,False,377.0237,376.4301,54.3648,10339.0000,11095.6000
2026-04-28T13:53:21.956566+00:00,SPY,False,EMA20(712.33) not above EMA50(713.22); RSI(43.38) not above 55.0; volume(15701) not above avg(19198),False,False,False,712.3335,713.2240,43.3804,15701.0000,19197.8000
2026-04-28T13:53:22.103281+00:00,QQQ,False,EMA20(658.17) not above EMA50(659.90); RSI(49.17) not above 55.0,False,False,True,658.1743,659.8954,49.1697,14172.0000,8389.4500
2026-04-28T13:58:23.729612+00:00,AAPL,False,volume(10518) not above avg(23807),True,True,False,269.1828,268.1863,61.1520,10518.0000,23806.6500
2026-04-28T13:58:24.122354+00:00,MSFT,False,volume(9975) not above avg(13927),True,True,False,424.5219,424.4750,58.0396,9975.0000,13927.4000
2026-04-28T13:58:24.884918+00:00,NVDA,False,EMA20(211.15) not above EMA50(212.03); RSI(48.95) not above 55.0,False,False,True,211.1472,212.0293,48.9458,50636.0000,43344.2000
2026-04-28T13:58:25.086728+00:00,TSLA,False,RSI(52.51) not above 55.0; volume(9517) not above avg(11403),True,False,False,377.0637,376.4696,52.5057,9517.0000,11403.1500
2026-04-28T13:58:25.901105+00:00,SPY,False,EMA20(712.21) not above EMA50(713.14); RSI(38.69) not above 55.0,False,False,True,712.2145,713.1393,38.6853,27508.0000,19719.3000
2026-04-28T13:58:26.287356+00:00,QQQ,False,EMA20(658.11) not above EMA50(659.80); RSI(46.07) not above 55.0,False,False,True,658.1130,659.8016,46.0745,23360.0000,10452.2000
2026-04-28T14:03:26.825834+00:00,AAPL,False,volume(9061) not above avg(24252),True,True,False,269.2569,268.2559,61.4410,9061.0000,24251.8500
2026-04-28T14:03:26.991467+00:00,MSFT,False,volume(5434) not above avg(14049),True,True,False,424.7388,424.5668,58.5875,5434.0000,14049.0500
2026-04-28T14:03:27.140781+00:00,NVDA,False,EMA20(211.32) not above EMA50(212.07); volume(37721) not above avg(46605),False,True,False,211.3240,212.0695,55.3717,37721.0000,46604.6500
2026-04-28T14:03:27.316851+00:00,TSLA,False,volume(9314) not above avg(11642),True,True,False,377.5008,376.6761,62.9106,9314.0000,11642.3000
2026-04-28T14:03:27.496934+00:00,SPY,False,EMA20(712.14) not above EMA50(713.07); RSI(37.17) not above 55.0; volume(11785) not above avg(18580),False,False,False,712.1353,713.0709,37.1682,11785.0000,18579.6000
2026-04-28T14:03:27.649237+00:00,QQQ,False,EMA20(658.14) not above EMA50(659.75); RSI(46.02) not above 55.0; volume(2611) not above avg(10755),False,False,False,658.1398,659.7475,46.0159,2611.0000,10755.0500
2026-04-28T14:08:28.153670+00:00,AAPL,False,volume(13085) not above avg(24794),True,True,False,269.3211,268.3211,62.0996,13085.0000,24793.9500
2026-04-28T14:08:28.315382+00:00,MSFT,True,All conditions met,True,True,True,424.8345,424.6112,57.6158,17737.0000,14815.3500
2026-04-28T14:08:28.475652+00:00,NVDA,False,EMA20(211.52) not above EMA50(212.12); volume(43295) not above avg(50494),False,True,False,211.5226,212.1226,61.9164,43295.0000,50494.2000
2026-04-28T14:08:28.628556+00:00,TSLA,True,All conditions met,True,True,True,377.8603,376.8549,67.1368,12265.0000,12119.4000
2026-04-28T14:08:28.785058+00:00,SPY,False,EMA20(712.15) not above EMA50(713.04); RSI(46.90) not above 55.0; volume(17237) not above avg(17286),False,False,False,712.1547,713.0426,46.9011,17237.0000,17286.4500
2026-04-28T14:08:28.938440+00:00,QQQ,False,EMA20(658.23) not above EMA50(659.72); RSI(52.37) not above 55.0; volume(4522) not above avg(11114),False,False,False,658.2322,659.7229,52.3715,4522.0000,11113.9000
2026-04-28T14:13:29.544033+00:00,AAPL,False,volume(12304) not above avg(25149),True,True,False,269.4038,268.3945,61.6257,12304.0000,25149.1500
2026-04-28T14:13:29.702674+00:00,MSFT,False,volume(5228) not above avg(15076),True,True,False,424.9632,424.6729,56.0973,5228.0000,15075.8500
2026-04-28T14:13:29.855687+00:00,NVDA,False,EMA20(211.71) not above EMA50(212.17); volume(48893) not above avg(54584),False,True,False,211.7062,212.1748,63.3490,48893.0000,54583.6500
2026-04-28T14:13:30.004756+00:00,TSLA,False,volume(9949) not above avg(12522),True,True,False,378.1115,376.9973,61.7686,9949.0000,12521.6500
2026-04-28T14:13:30.156735+00:00,SPY,False,EMA20(712.13) not above EMA50(713.00); RSI(45.05) not above 55.0; volume(6890) not above avg(13574),False,False,False,712.1325,712.9986,45.0459,6890.0000,13574.4000
2026-04-28T14:13:30.383967+00:00,QQQ,False,EMA20(658.28) not above EMA50(659.69); RSI(51.43) not above 55.0,False,False,True,658.2826,659.6850,51.4303,24315.0000,12425.9500
2026-04-28T14:18:30.866946+00:00,AAPL,False,volume(8695) not above avg(24976),True,True,False,269.5279,268.4855,65.3685,8695.0000,24976.3500
2026-04-28T14:18:31.124481+00:00,MSFT,False,RSI(51.51) not above 55.0; volume(6834) not above avg(16092),True,False,False,424.9341,424.6711,51.5097,6834.0000,16092.3000
2026-04-28T14:18:31.285240+00:00,NVDA,False,EMA20(211.83) not above EMA50(212.21); volume(33288) not above avg(57775),False,True,False,211.8301,212.2068,62.2219,33288.0000,57775.2000
2026-04-28T14:18:31.437317+00:00,TSLA,False,volume(6262) not above avg(12719),True,True,False,378.3826,377.1538,60.7725,6262.0000,12719.4000
2026-04-28T14:18:31.590468+00:00,SPY,False,EMA20(712.06) not above EMA50(712.93); RSI(43.06) not above 55.0; volume(8968) not above avg(14118),False,False,False,712.0619,712.9349,43.0586,8968.0000,14117.6000
2026-04-28T14:18:31.757078+00:00,QQQ,False,EMA20(658.28) not above EMA50(659.63); RSI(49.89) not above 55.0; volume(2789) not above avg(12735),False,False,False,658.2827,659.6294,49.8861,2789.0000,12735.2500
2026-04-28T14:23:33.902730+00:00,AAPL,False,volume(6543) not above avg(24524),True,True,False,269.6659,268.5836,66.9302,6543.0000,24524.4500
2026-04-28T14:23:34.388651+00:00,MSFT,False,RSI(51.96) not above 55.0; volume(5138) not above avg(16181),True,False,False,424.9794,424.7003,51.9600,5138.0000,16180.9000
2026-04-28T14:23:34.841351+00:00,NVDA,False,EMA20(211.87) not above EMA50(212.21); volume(39800) not above avg(60540),False,True,False,211.8693,212.2069,57.6971,39800.0000,60539.8500
2026-04-28T14:23:35.540080+00:00,TSLA,False,RSI(52.07) not above 55.0; volume(7555) not above avg(12886),True,False,False,378.2508,377.1440,52.0676,7555.0000,12885.8000
2026-04-28T14:23:36.229811+00:00,SPY,False,EMA20(711.98) not above EMA50(712.87); RSI(40.80) not above 55.0; volume(8158) not above avg(14786),False,False,False,711.9775,712.8653,40.7966,8158.0000,14786.0500
2026-04-28T14:23:36.652312+00:00,QQQ,False,EMA20(658.22) not above EMA50(659.55); RSI(46.41) not above 55.0; volume(5314) not above avg(13306),False,False,False,658.2243,659.5518,46.4110,5314.0000,13306.2000
2026-04-28T14:28:39.547109+00:00,AAPL,False,volume(10855) not above avg(24052),True,True,False,269.7952,268.6792,68.6674,10855.0000,24051.5000
2026-04-28T14:28:40.386751+00:00,MSFT,False,volume(4020) not above avg(16174),True,True,False,425.1502,424.7828,56.1216,4020.0000,16173.6500
2026-04-28T14:28:40.566727+00:00,NVDA,False,EMA20(211.84) not above EMA50(212.18); RSI(51.82) not above 55.0; volume(37733) not above avg(64077),False,False,False,211.8404,212.1805,51.8197,37733.0000,64077.1000
2026-04-28T14:28:41.114953+00:00,TSLA,False,RSI(47.12) not above 55.0; volume(3207) not above avg(12912),True,False,False,378.1007,377.1244,47.1231,3207.0000,12912.2500
2026-04-28T14:28:41.591245+00:00,SPY,False,EMA20(711.90) not above EMA50(712.80); RSI(39.14) not above 55.0; volume(13036) not above avg(15811),False,False,False,711.9011,712.7989,39.1421,13036.0000,15810.6000
2026-04-28T14:28:41.799957+00:00,QQQ,False,EMA20(658.10) not above EMA50(659.45); RSI(42.40) not above 55.0; volume(7058) not above avg(13837),False,False,False,658.1047,659.4497,42.4036,7058.0000,13837.2000
2026-04-28T14:33:42.332241+00:00,AAPL,False,volume(17006) not above avg(24126),True,True,False,269.9716,268.7960,71.3628,17006.0000,24125.5000
2026-04-28T14:33:42.779886+00:00,MSFT,False,volume(2066) not above avg(15837),True,True,False,425.2992,424.8588,57.5638,2066.0000,15837.4000
2026-04-28T14:33:42.941571+00:00,NVDA,False,EMA20(211.92) not above EMA50(212.20); RSI(54.74) not above 55.0; volume(31699) not above avg(67015),False,False,False,211.9227,212.2016,54.7385,31699.0000,67015.2500
2026-04-28T14:33:43.089570+00:00,TSLA,False,RSI(50.04) not above 55.0; volume(5067) not above avg(12674),True,False,False,378.1355,377.1784,50.0420,5067.0000,12674.0500
2026-04-28T14:33:43.250132+00:00,SPY,False,EMA20(711.85) not above EMA50(712.74); RSI(40.88) not above 55.0; volume(5796) not above avg(16606),False,False,False,711.8518,712.7434,40.8803,5796.0000,16606.2500
2026-04-28T14:33:43.418351+00:00,QQQ,False,EMA20(658.09) not above EMA50(659.39); RSI(44.31) not above 55.0; volume(3822) not above avg(14196),False,False,False,658.0939,659.3934,44.3135,3822.0000,14196.3000
2026-04-28T14:38:43.989048+00:00,AAPL,True,All conditions met,True,True,True,270.0509,268.8747,62.6907,25920.0000,23889.5500
2026-04-28T14:38:44.139967+00:00,MSFT,False,volume(2534) not above avg(15573),True,True,False,425.3986,424.9173,55.0649,2534.0000,15572.5500
2026-04-28T14:38:44.290303+00:00,NVDA,False,EMA20(211.79) not above EMA50(212.13); RSI(41.20) not above 55.0; volume(57103) not above avg(70734),False,False,False,211.7876,212.1345,41.2003,57103.0000,70734.0000
2026-04-28T14:38:44.441105+00:00,TSLA,False,RSI(42.51) not above 55.0; volume(7419) not above avg(11620),True,False,False,377.9067,377.1211,42.5081,7419.0000,11620.1000
2026-04-28T14:38:44.588887+00:00,SPY,False,EMA20(711.65) not above EMA50(712.63); RSI(31.26) not above 55.0; volume(12549) not above avg(17470),False,False,False,711.6530,712.6256,31.2641,12549.0000,17469.9000
2026-04-28T14:38:44.742114+00:00,QQQ,False,EMA20(657.80) not above EMA50(659.22); RSI(33.67) not above 55.0; volume(3999) not above avg(14484),False,False,False,657.7976,659.2192,33.6694,3999.0000,14484.1500
2026-04-28T14:43:46.221979+00:00,MSFT,False,RSI(51.60) not above 55.0; volume(8173) not above avg(15689),True,False,False,425.3716,424.9240,51.5999,8173.0000,15688.8500
2026-04-28T14:43:46.977548+00:00,NVDA,False,EMA20(211.65) not above EMA50(212.06); RSI(39.60) not above 55.0; volume(70952) not above avg(76619),False,False,False,211.6465,212.0624,39.5984,70952.0000,76619.3500
2026-04-28T14:43:47.535188+00:00,TSLA,False,RSI(38.94) not above 55.0; volume(5283) not above avg(12157),True,False,False,377.5779,377.0155,38.9355,5283.0000,12157.1500
2026-04-28T14:43:47.714722+00:00,SPY,False,EMA20(711.52) not above EMA50(712.53); RSI(34.62) not above 55.0,False,False,True,711.5232,712.5338,34.6187,21154.0000,19173.5500
2026-04-28T14:43:48.280850+00:00,QQQ,False,EMA20(657.56) not above EMA50(659.07); RSI(36.43) not above 55.0,False,False,True,657.5649,659.0669,36.4316,17198.0000,15491.2000
2026-04-28T14:48:48.800861+00:00,MSFT,False,RSI(49.90) not above 55.0; volume(13996) not above avg(16153),True,False,False,425.3586,424.9362,49.8960,13996.0000,16153.4500
2026-04-28T14:48:48.970271+00:00,NVDA,False,EMA20(211.52) not above EMA50(212.00); RSI(39.30) not above 55.0; volume(74658) not above avg(82614),False,False,False,211.5244,211.9957,39.3021,74658.0000,82613.7000
2026-04-28T14:48:49.269623+00:00,TSLA,False,RSI(39.19) not above 55.0; volume(5549) not above avg(12620),True,False,False,377.3991,376.9659,39.1931,5549.0000,12619.9500
2026-04-28T14:48:49.438091+00:00,SPY,False,EMA20(711.44) not above EMA50(712.46); RSI(37.84) not above 55.0; volume(14826) not above avg(20542),False,False,False,711.4450,712.4621,37.8398,14826.0000,20541.5500
2026-04-28T14:48:49.602205+00:00,QQQ,False,EMA20(657.41) not above EMA50(658.94); RSI(37.07) not above 55.0; volume(2369) not above avg(15704),False,False,False,657.4072,658.9436,37.0716,2369.0000,15704.3000
2026-04-28T14:53:52.028821+00:00,MSFT,False,volume(5651) not above avg(12154),True,True,False,425.4426,424.9873,55.1741,5651.0000,12153.9500
2026-04-28T14:53:52.224222+00:00,NVDA,False,EMA20(211.22) not above EMA50(211.85); RSI(31.17) not above 55.0,False,False,True,211.2199,211.8505,31.1725,108271.0000,90411.4000
2026-04-28T14:53:52.744780+00:00,TSLA,False,RSI(38.20) not above 55.0; volume(6864) not above avg(13151),True,False,False,377.0760,376.8487,38.2002,6864.0000,13151.4500
2026-04-28T14:53:53.199787+00:00,SPY,False,EMA20(711.25) not above EMA50(712.34); RSI(31.88) not above 55.0; volume(17079) not above avg(21582),False,False,False,711.2523,712.3417,31.8792,17079.0000,21582.0500
2026-04-28T14:53:53.623052+00:00,QQQ,False,EMA20(657.10) not above EMA50(658.76); RSI(33.27) not above 55.0; volume(5596) not above avg(16158),False,False,False,657.0992,658.7553,33.2685,5596.0000,16157.5000
2026-04-28T14:58:56.174251+00:00,MSFT,False,RSI(51.93) not above 55.0; volume(2624) not above avg(10696),True,False,False,425.3982,424.9853,51.9269,2624.0000,10695.5000
2026-04-28T14:58:56.613169+00:00,NVDA,False,EMA20(211.04) not above EMA50(211.75); RSI(38.39) not above 55.0,False,False,True,211.0437,211.7528,38.3935,151168.0000,100770.1000
2026-04-28T14:58:57.036470+00:00,TSLA,False,RSI(41.85) not above 55.0; volume(13116) not above avg(14039),True,False,False,376.8082,376.7457,41.8482,13116.0000,14039.3500
2026-04-28T14:58:57.642363+00:00,SPY,False,EMA20(711.11) not above EMA50(712.24); RSI(35.17) not above 55.0; volume(12900) not above avg(22643),False,False,False,711.1107,712.2401,35.1666,12900.0000,22643.0500
2026-04-28T14:58:57.856378+00:00,QQQ,False,EMA20(656.85) not above EMA50(658.59); RSI(37.81) not above 55.0; volume(5599) not above avg(16646),False,False,False,656.8514,658.5870,37.8096,5599.0000,16646.4000
2026-04-28T15:03:58.361543+00:00,MSFT,False,volume(4636) not above avg(11119),True,True,False,425.4983,425.0432,55.3264,4636.0000,11119.3500
2026-04-28T15:03:58.529986+00:00,NVDA,False,EMA20(210.95) not above EMA50(211.69); RSI(40.88) not above 55.0; volume(87830) not above avg(108807),False,False,False,210.9497,211.6867,40.8759,87830.0000,108806.8500
2026-04-28T15:03:58.712600+00:00,TSLA,False,EMA20(376.70) not above EMA50(376.71); RSI(42.57) not above 55.0; volume(13385) not above avg(15147),False,False,False,376.7010,376.7057,42.5734,13385.0000,15146.9000
2026-04-28T15:03:58.868204+00:00,SPY,False,EMA20(711.13) not above EMA50(712.20); RSI(43.97) not above 55.0; volume(14155) not above avg(23677),False,False,False,711.1251,712.2029,43.9742,14155.0000,23676.7000
2026-04-28T15:03:59.029555+00:00,QQQ,False,EMA20(656.82) not above EMA50(658.51); RSI(42.43) not above 55.0; volume(11784) not above avg(17285),False,False,False,656.8180,658.5068,42.4341,11784.0000,17285.4500
2026-04-28T15:08:59.557779+00:00,MSFT,False,RSI(51.71) not above 55.0; volume(6370) not above avg(11572),True,False,False,425.5330,425.0757,51.7066,6370.0000,11572.2500
2026-04-28T15:08:59.716120+00:00,NVDA,False,EMA20(210.75) not above EMA50(211.57); RSI(36.11) not above 55.0; volume(41485) not above avg(112984),False,False,False,210.7484,211.5744,36.1075,41485.0000,112983.7500
2026-04-28T15:08:59.890948+00:00,TSLA,False,EMA20(376.62) not above EMA50(376.67); RSI(43.58) not above 55.0; volume(5448) not above avg(15596),False,False,False,376.6195,376.6732,43.5818,5448.0000,15596.1000
2026-04-28T15:09:00.052752+00:00,SPY,False,EMA20(711.00) not above EMA50(712.11); RSI(37.42) not above 55.0; volume(8548) not above avg(24552),False,False,False,711.0020,712.1095,37.4232,8548.0000,24551.6000
2026-04-28T15:09:00.217462+00:00,QQQ,False,EMA20(656.58) not above EMA50(658.34); RSI(37.22) not above 55.0; volume(2703) not above avg(17487),False,False,False,656.5818,658.3428,37.2240,2703.0000,17487.2000
2026-04-28T15:14:02.073569+00:00,MSFT,False,RSI(53.61) not above 55.0,True,False,True,425.5998,425.1217,53.6096,20862.0000,11871.1000
2026-04-28T15:14:02.970290+00:00,NVDA,False,EMA20(210.68) not above EMA50(211.51); RSI(41.66) not above 55.0; volume(83462) not above avg(105421),False,False,False,210.6782,211.5137,41.6642,83462.0000,105421.3500
2026-04-28T15:14:03.855266+00:00,TSLA,False,EMA20(376.67) not above EMA50(376.69); RSI(48.80) not above 55.0; volume(10172) not above avg(14109),False,False,False,376.6729,376.6946,48.8048,10172.0000,14109.2000
2026-04-28T15:14:04.441446+00:00,SPY,False,EMA20(710.96) not above EMA50(712.05); RSI(43.05) not above 55.0; volume(4412) not above avg(22471),False,False,False,710.9645,712.0508,43.0544,4412.0000,22471.0000
2026-04-28T15:14:05.392251+00:00,QQQ,False,EMA20(656.50) not above EMA50(658.24); RSI(42.06) not above 55.0; volume(7258) not above avg(14745),False,False,False,656.4982,658.2399,42.0625,7258.0000,14744.8500
2026-04-28T15:19:06.934830+00:00,MSFT,False,RSI(54.24) not above 55.0; volume(8434) not above avg(12042),True,False,False,425.7134,425.1886,54.2401,8434.0000,12042.0000
2026-04-28T15:19:07.338648+00:00,NVDA,False,EMA20(210.61) not above EMA50(211.45); RSI(42.33) not above 55.0; volume(52047) not above avg(101141),False,False,False,210.6095,211.4528,42.3347,52047.0000,101141.0500
2026-04-28T15:19:07.577162+00:00,TSLA,False,EMA20(376.69) not above EMA50(376.70); RSI(48.82) not above 55.0; volume(4502) not above avg(12847),False,False,False,376.6868,376.7001,48.8166,4502.0000,12847.2000
2026-04-28T15:19:08.018256+00:00,SPY,False,EMA20(710.95) not above EMA50(712.00); RSI(44.35) not above 55.0; volume(7643) not above avg(21164),False,False,False,710.9493,712.0023,44.3544,7643.0000,21163.8000
2026-04-28T15:19:08.424239+00:00,QQQ,False,EMA20(656.47) not above EMA50(658.16); RSI(43.91) not above 55.0; volume(4983) not above avg(13283),False,False,False,656.4664,658.1595,43.9115,4983.0000,13283.3000
2026-04-28T15:24:08.914062+00:00,MSFT,False,RSI(49.78) not above 55.0; volume(11585) not above avg(12228),True,False,False,425.7119,425.2089,49.7792,11585.0000,12227.6500
2026-04-28T15:24:09.073796+00:00,NVDA,False,EMA20(210.49) not above EMA50(211.37); RSI(38.95) not above 55.0; volume(70803) not above avg(97997),False,False,False,210.4870,211.3693,38.9545,70803.0000,97996.5500
2026-04-28T15:24:09.220417+00:00,TSLA,False,EMA20(376.53) not above EMA50(376.63); RSI(42.59) not above 55.0; volume(7280) not above avg(12363),False,False,False,376.5253,376.6332,42.5858,7280.0000,12362.5500
2026-04-28T15:24:09.361225+00:00,SPY,False,EMA20(710.86) not above EMA50(711.92); RSI(39.40) not above 55.0; volume(7862) not above avg(20236),False,False,False,710.8558,711.9223,39.4005,7862.0000,20235.5500
2026-04-28T15:24:09.501363+00:00,QQQ,False,EMA20(656.33) not above EMA50(658.04); RSI(40.42) not above 55.0; volume(3015) not above avg(11789),False,False,False,656.3348,658.0391,40.4249,3015.0000,11788.7000
2026-04-28T15:29:10.716628+00:00,MSFT,False,RSI(51.25) not above 55.0; volume(7211) not above avg(12028),True,False,False,425.7644,425.2513,51.2512,7211.0000,12028.3500
2026-04-28T15:29:11.141275+00:00,NVDA,False,EMA20(210.33) not above EMA50(211.27); RSI(36.98) not above 55.0; volume(51224) not above avg(95224),False,False,False,210.3286,211.2692,36.9768,51224.0000,95223.6000
2026-04-28T15:29:11.732047+00:00,TSLA,False,EMA20(376.39) not above EMA50(376.57); RSI(43.71) not above 55.0; volume(9642) not above avg(12109),False,False,False,376.3941,376.5749,43.7086,9642.0000,12108.9500
2026-04-28T15:29:12.313918+00:00,SPY,False,EMA20(710.79) not above EMA50(711.85); RSI(38.68) not above 55.0; volume(8225) not above avg(19369),False,False,False,710.7910,711.8544,38.6834,8225.0000,19369.0000
2026-04-28T15:29:12.500365+00:00,QQQ,False,EMA20(656.18) not above EMA50(657.91); RSI(39.08) not above 55.0; volume(2406) not above avg(11227),False,False,False,656.1824,657.9097,39.0772,2406.0000,11227.2000
2026-04-29T13:43:46.444433+00:00,AAPL,False,EMA20(269.60) not above EMA50(269.85); RSI(34.83) not above 55.0; volume(10897) not above avg(12968),False,False,False,269.5966,269.8541,34.8271,10897.0000,12968.5000
2026-04-29T13:43:46.605826+00:00,MSFT,False,EMA20(426.83) not above EMA50(427.13); RSI(37.88) not above 55.0; volume(9081) not above avg(10104),False,False,False,426.8306,427.1294,37.8791,9081.0000,10103.7500
2026-04-29T13:43:46.742703+00:00,NVDA,False,RSI(38.77) not above 55.0; volume(43532) not above avg(53408),True,False,False,212.8308,212.4503,38.7685,43532.0000,53407.6500
2026-04-29T13:43:46.870894+00:00,TSLA,False,EMA20(375.71) not above EMA50(376.16); RSI(38.53) not above 55.0,False,False,True,375.7095,376.1566,38.5328,9370.0000,5408.1500
2026-04-29T13:43:46.998797+00:00,SPY,False,RSI(40.06) not above 55.0; volume(9617) not above avg(17990),True,False,False,711.2053,711.1708,40.0619,9617.0000,17989.9500
2026-04-29T13:43:47.141120+00:00,QQQ,False,RSI(53.21) not above 55.0; volume(3724) not above avg(9246),True,False,False,658.1060,657.6298,53.2119,3724.0000,9246.4000
2026-04-29T13:48:47.641334+00:00,AAPL,False,EMA20(269.52) not above EMA50(269.81); RSI(38.81) not above 55.0; volume(7166) not above avg(13398),False,False,False,269.5225,269.8134,38.8089,7166.0000,13397.6000
2026-04-29T13:48:47.773411+00:00,MSFT,False,EMA20(426.62) not above EMA50(427.03); RSI(38.22) not above 55.0,False,False,True,426.6152,427.0292,38.2172,19387.0000,11081.5500
2026-04-29T13:48:47.981094+00:00,NVDA,False,RSI(35.53) not above 55.0,True,False,True,212.6053,212.3716,35.5319,58928.0000,54810.9500
2026-04-29T13:48:48.123295+00:00,TSLA,False,EMA20(375.56) not above EMA50(376.07); RSI(43.36) not above 55.0; volume(4738) not above avg(5822),False,False,False,375.5570,376.0746,43.3602,4738.0000,5822.4000
2026-04-29T13:48:48.257392+00:00,SPY,False,EMA20(711.05) not above EMA50(711.11); RSI(35.82) not above 55.0; volume(8545) not above avg(18190),False,False,False,711.0538,711.1090,35.8187,8545.0000,18190.4500
2026-04-29T13:48:48.385109+00:00,QQQ,False,RSI(49.65) not above 55.0; volume(5276) not above avg(9620),True,False,False,658.0623,657.6299,49.6496,5276.0000,9620.0000
2026-04-29T13:53:50.104973+00:00,AAPL,False,EMA20(269.52) not above EMA50(269.80); RSI(42.40) not above 55.0; volume(5230) not above avg(13740),False,False,False,269.5228,269.8034,42.3952,5230.0000,13739.9500
2026-04-29T13:53:50.309868+00:00,MSFT,False,EMA20(426.53) not above EMA50(426.98); RSI(42.67) not above 55.0,False,False,True,426.5344,426.9808,42.6660,19429.0000,12110.7500
2026-04-29T13:53:50.723463+00:00,NVDA,False,RSI(35.67) not above 55.0; volume(39042) not above avg(55885),True,False,False,212.3990,212.2953,35.6698,39042.0000,55885.4500
2026-04-29T13:53:51.133343+00:00,TSLA,False,EMA20(375.46) not above EMA50(376.01); RSI(41.75) not above 55.0,False,False,True,375.4575,376.0133,41.7536,11736.0000,6433.5500
2026-04-29T13:53:51.568761+00:00,SPY,False,EMA20(710.98) not above EMA50(711.07); RSI(39.45) not above 55.0; volume(8779) not above avg(18293),False,False,False,710.9759,711.0749,39.4512,8779.0000,18292.6500
2026-04-29T13:53:52.361033+00:00,QQQ,False,RSI(52.37) not above 55.0; volume(5288) not above avg(9845),True,False,False,658.0936,657.6602,52.3714,5288.0000,9844.9000
2026-04-29T13:58:53.257984+00:00,AAPL,False,EMA20(269.48) not above EMA50(269.78); RSI(42.85) not above 55.0; volume(6327) not above avg(14109),False,False,False,269.4839,269.7765,42.8545,6327.0000,14109.0000
2026-04-29T13:58:53.946921+00:00,MSFT,False,EMA20(426.55) not above EMA50(426.97); RSI(44.77) not above 55.0,False,False,True,426.5536,426.9738,44.7717,13961.0000,12845.7000
2026-04-29T13:58:54.126044+00:00,NVDA,False,RSI(40.32) not above 55.0; volume(28460) not above avg(56162),True,False,False,212.3381,212.2758,40.3238,28460.0000,56161.7000
2026-04-29T13:58:54.481134+00:00,TSLA,False,EMA20(375.53) not above EMA50(376.03); RSI(46.48) not above 55.0; volume(5452) not above avg(6933),False,False,False,375.5345,376.0257,46.4767,5452.0000,6932.5500
2026-04-29T13:58:54.842388+00:00,SPY,False,EMA20(711.01) not above EMA50(711.08); RSI(48.11) not above 55.0; volume(15768) not above avg(18307),False,False,False,711.0052,711.0840,48.1088,15768.0000,18307.2000
2026-04-29T13:58:55.523646+00:00,QQQ,False,volume(4312) not above avg(9905),True,True,False,658.2537,657.7449,58.5075,4312.0000,9905.3500
2026-04-29T14:03:56.013140+00:00,AAPL,False,EMA20(269.51) not above EMA50(269.78); RSI(49.51) not above 55.0; volume(7057) not above avg(13697),False,False,False,269.5095,269.7760,49.5145,7057.0000,13696.9500
2026-04-29T14:03:56.143117+00:00,MSFT,False,EMA20(426.36) not above EMA50(426.88); RSI(41.12) not above 55.0; volume(5204) not above avg(13128),False,False,False,426.3605,426.8777,41.1173,5204.0000,13128.0000
2026-04-29T14:03:56.270951+00:00,NVDA,False,EMA20(212.10) not above EMA50(212.18); RSI(35.13) not above 55.0,False,False,True,212.0982,212.1787,35.1337,67143.0000,58238.1000
2026-04-29T14:03:56.416917+00:00,TSLA,False,EMA20(375.16) not above EMA50(375.85); RSI(33.36) not above 55.0,False,False,True,375.1633,375.8526,33.3607,7730.0000,7337.0500
2026-04-29T14:03:56.552888+00:00,SPY,False,EMA20(710.95) not above EMA50(711.06); RSI(43.64) not above 55.0; volume(5960) not above avg(18348),False,False,False,710.9465,711.0565,43.6426,5960.0000,18347.9000
2026-04-29T14:03:56.692862+00:00,QQQ,False,RSI(52.33) not above 55.0; volume(3987) not above avg(9751),True,False,False,658.2606,657.7676,52.3282,3987.0000,9751.3500
2026-04-29T14:08:57.245435+00:00,AAPL,False,EMA20(269.57) not above EMA50(269.79); RSI(52.98) not above 55.0; volume(8946) not above avg(14054),False,False,False,269.5692,269.7906,52.9781,8946.0000,14054.0000
2026-04-29T14:08:57.454203+00:00,MSFT,False,EMA20(426.16) not above EMA50(426.77); RSI(39.72) not above 55.0; volume(7745) not above avg(13634),False,False,False,426.1564,426.7734,39.7202,7745.0000,13633.7500
2026-04-29T14:08:57.620186+00:00,NVDA,False,EMA20(211.96) not above EMA50(212.12); RSI(36.33) not above 55.0; volume(42504) not above avg(59877),False,False,False,211.9622,212.1202,36.3302,42504.0000,59876.6500
2026-04-29T14:08:57.768526+00:00,TSLA,False,EMA20(374.95) not above EMA50(375.74); RSI(33.97) not above 55.0; volume(3659) not above avg(7403),False,False,False,374.9493,375.7390,33.9733,3659.0000,7402.8500
2026-04-29T14:08:58.028343+00:00,SPY,False,EMA20(710.93) not above EMA50(711.04); RSI(45.34) not above 55.0; volume(8106) not above avg(18486),False,False,False,710.9275,711.0447,45.3351,8106.0000,18485.5000
2026-04-29T14:08:58.164152+00:00,QQQ,False,RSI(51.41) not above 55.0; volume(2300) not above avg(9293),True,False,False,658.2728,657.7922,51.4137,2300.0000,9292.6500
2026-04-29T14:14:01.159354+00:00,AAPL,False,EMA20(269.53) not above EMA50(269.77); RSI(46.51) not above 55.0; volume(6325) not above avg(14040),False,False,False,269.5345,269.7674,46.5066,6325.0000,14040.2000
2026-04-29T14:14:01.713336+00:00,MSFT,False,EMA20(425.97) not above EMA50(426.67); RSI(38.64) not above 55.0; volume(9502) not above avg(14409),False,False,False,425.9739,426.6749,38.6440,9502.0000,14408.6500
2026-04-29T14:14:02.659876+00:00,NVDA,False,EMA20(211.85) not above EMA50(212.07); RSI(41.02) not above 55.0; volume(44583) not above avg(61292),False,False,False,211.8486,212.0670,41.0249,44583.0000,61291.7000
2026-04-29T14:14:04.152640+00:00,TSLA,False,EMA20(374.64) not above EMA50(375.58); RSI(35.16) not above 55.0; volume(7282) not above avg(7729),False,False,False,374.6392,375.5791,35.1564,7282.0000,7728.8000
2026-04-29T14:14:04.754463+00:00,SPY,False,EMA20(710.96) not above EMA50(711.05); RSI(51.44) not above 55.0; volume(3094) not above avg(18122),False,False,False,710.9575,711.0528,51.4441,3094.0000,18122.0500
2026-04-29T14:14:05.314796+00:00,QQQ,False,RSI(53.64) not above 55.0; volume(4207) not above avg(8958),True,False,False,658.2825,657.8146,53.6435,4207.0000,8957.5000
2026-04-29T14:19:05.761671+00:00,AAPL,False,EMA20(269.53) not above EMA50(269.76); RSI(45.82) not above 55.0; volume(5417) not above avg(13764),False,False,False,269.5267,269.7554,45.8202,5417.0000,13763.8500
2026-04-29T14:19:05.895715+00:00,MSFT,False,EMA20(425.84) not above EMA50(426.59); RSI(41.52) not above 55.0; volume(7520) not above avg(14721),False,False,False,425.8384,426.5918,41.5204,7520.0000,14721.1500
2026-04-29T14:19:06.023344+00:00,NVDA,False,EMA20(211.79) not above EMA50(212.03); RSI(41.81) not above 55.0; volume(39626) not above avg(62186),False,False,False,211.7865,212.0337,41.8104,39626.0000,62186.2000
2026-04-29T14:19:06.152332+00:00,TSLA,False,EMA20(374.46) not above EMA50(375.47); RSI(37.22) not above 55.0; volume(7972) not above avg(7973),False,False,False,374.4607,375.4693,37.2244,7972.0000,7972.8000
2026-04-29T14:19:06.279211+00:00,SPY,False,EMA20(710.97) not above EMA50(711.05); RSI(50.64) not above 55.0; volume(16714) not above avg(18075),False,False,False,710.9703,711.0544,50.6407,16714.0000,18075.2000
2026-04-29T14:19:06.418529+00:00,QQQ,True,All conditions met,True,True,True,658.3690,657.8691,56.7249,5146.0000,3997.4000
2026-04-29T14:24:06.806378+00:00,AAPL,False,EMA20(269.52) not above EMA50(269.74); RSI(44.16) not above 55.0; volume(3595) not above avg(13543),False,False,False,269.5183,269.7437,44.1566,3595.0000,13542.9000
2026-04-29T14:24:06.991624+00:00,MSFT,False,EMA20(425.74) not above EMA50(426.52); RSI(43.15) not above 55.0; volume(3091) not above avg(14582),False,False,False,425.7434,426.5233,43.1473,3091.0000,14582.2500
2026-04-29T14:24:07.134516+00:00,NVDA,False,EMA20(211.70) not above EMA50(211.99); RSI(40.65) not above 55.0; volume(48650) not above avg(63097),False,False,False,211.6951,211.9866,40.6497,48650.0000,63096.6000
2026-04-29T14:24:07.286887+00:00,TSLA,False,EMA20(374.28) not above EMA50(375.35); RSI(37.17) not above 55.0; volume(6165) not above avg(7916),False,False,False,374.2780,375.3546,37.1654,6165.0000,7916.5000
2026-04-29T14:24:07.449412+00:00,SPY,False,EMA20(711.01) not above EMA50(711.07); RSI(54.43) not above 55.0; volume(7640) not above avg(17756),False,False,False,711.0076,711.0664,54.4277,7640.0000,17755.5500
2026-04-29T14:29:08.981637+00:00,AAPL,False,EMA20(269.49) not above EMA50(269.72); RSI(44.13) not above 55.0; volume(3059) not above avg(13383),False,False,False,269.4857,269.7216,44.1251,3059.0000,13383.3500
2026-04-29T14:29:09.536355+00:00,MSFT,False,EMA20(425.67) not above EMA50(426.46); RSI(44.21) not above 55.0; volume(4661) not above avg(14422),False,False,False,425.6681,426.4618,44.2139,4661.0000,14421.9500
2026-04-29T14:29:09.975471+00:00,NVDA,False,EMA20(211.64) not above EMA50(211.95); RSI(44.53) not above 55.0; volume(36605) not above avg(64193),False,False,False,211.6449,211.9546,44.5328,36605.0000,64192.6000
2026-04-29T14:29:10.656390+00:00,TSLA,False,EMA20(374.14) not above EMA50(375.26); RSI(39.72) not above 55.0; volume(6625) not above avg(7490),False,False,False,374.1406,375.2558,39.7183,6625.0000,7490.2500
2026-04-29T14:29:11.267096+00:00,SPY,False,EMA20(711.06) not above EMA50(711.08); volume(7422) not above avg(17354),False,True,False,711.0586,711.0850,56.6327,7422.0000,17353.6000
2026-04-29T14:34:11.785644+00:00,AAPL,False,EMA20(269.47) not above EMA50(269.71); RSI(44.09) not above 55.0; volume(3870) not above avg(13197),False,False,False,269.4680,269.7055,44.0930,3870.0000,13196.7000
2026-04-29T14:34:11.995403+00:00,MSFT,False,EMA20(425.65) not above EMA50(426.42); RSI(47.50) not above 55.0; volume(5297) not above avg(14248),False,False,False,425.6539,426.4249,47.4972,5297.0000,14247.9000
2026-04-29T14:34:12.140846+00:00,NVDA,False,EMA20(211.61) not above EMA50(211.93); RSI(45.60) not above 55.0; volume(22917) not above avg(63068),False,False,False,211.6058,211.9263,45.5966,22917.0000,63067.9500
2026-04-29T14:34:12.297448+00:00,TSLA,False,EMA20(374.10) not above EMA50(375.20); RSI(42.42) not above 55.0; volume(4283) not above avg(7773),False,False,False,374.0987,375.1960,42.4157,4283.0000,7773.2500
2026-04-29T14:34:12.439624+00:00,SPY,False,volume(5135) not above avg(15810),True,True,False,711.1205,711.1093,59.0264,5135.0000,15809.6500
2026-04-29T14:39:13.064921+00:00,AAPL,False,EMA20(269.46) not above EMA50(269.69); RSI(46.53) not above 55.0; volume(5343) not above avg(12845),False,False,False,269.4598,269.6930,46.5290,5343.0000,12845.1000
2026-04-29T14:39:13.228671+00:00,MSFT,False,EMA20(425.62) not above EMA50(426.38); RSI(46.21) not above 55.0; volume(5456) not above avg(14176),False,False,False,425.6156,426.3788,46.2069,5456.0000,14175.5500
2026-04-29T14:39:13.588843+00:00,NVDA,False,EMA20(211.62) not above EMA50(211.92); RSI(48.56) not above 55.0; volume(39341) not above avg(62409),False,False,False,211.6157,211.9181,48.5613,39341.0000,62409.1000
2026-04-29T14:39:13.730714+00:00,TSLA,False,EMA20(373.99) not above EMA50(375.11); RSI(40.10) not above 55.0; volume(4031) not above avg(8026),False,False,False,373.9876,375.1078,40.1023,4031.0000,8026.5000
2026-04-29T14:39:13.856986+00:00,SPY,False,volume(6929) not above avg(9233),True,True,False,711.2118,711.1476,60.9364,6929.0000,9233.4500
2026-04-29T14:44:14.390966+00:00,AAPL,False,EMA20(269.45) not above EMA50(269.68); RSI(47.61) not above 55.0; volume(3982) not above avg(12432),False,False,False,269.4478,269.6788,47.6086,3982.0000,12431.7000
2026-04-29T14:44:14.534210+00:00,MSFT,False,EMA20(425.53) not above EMA50(426.31); RSI(44.94) not above 55.0; volume(5422) not above avg(14073),False,False,False,425.5345,426.3149,44.9386,5422.0000,14073.4500
2026-04-29T14:44:14.673053+00:00,NVDA,False,EMA20(211.58) not above EMA50(211.89); RSI(46.14) not above 55.0; volume(29187) not above avg(60547),False,False,False,211.5802,211.8914,46.1357,29187.0000,60546.7000
2026-04-29T14:44:14.816940+00:00,TSLA,False,EMA20(373.85) not above EMA50(375.01); RSI(38.23) not above 55.0; volume(3171) not above avg(8245),False,False,False,373.8482,375.0069,38.2334,3171.0000,8244.7500
2026-04-29T14:44:14.944590+00:00,SPY,True,All conditions met,True,True,True,711.2499,711.1655,57.2655,9949.0000,9591.5500
2026-04-29T14:49:16.938710+00:00,AAPL,False,EMA20(269.46) not above EMA50(269.67); RSI(50.73) not above 55.0; volume(4016) not above avg(12156),False,False,False,269.4578,269.6738,50.7279,4016.0000,12155.8500
2026-04-29T14:49:17.322583+00:00,MSFT,False,EMA20(425.53) not above EMA50(426.28); RSI(45.18) not above 55.0; volume(6662) not above avg(13448),False,False,False,425.5257,426.2818,45.1848,6662.0000,13447.7000
2026-04-29T14:49:17.667285+00:00,NVDA,False,EMA20(211.59) not above EMA50(211.88); RSI(47.90) not above 55.0; volume(40716) not above avg(53769),False,False,False,211.5884,211.8829,47.9007,40716.0000,53769.4500
2026-04-29T14:49:18.117101+00:00,TSLA,False,EMA20(373.90) not above EMA50(374.99); RSI(46.60) not above 55.0; volume(5857) not above avg(8573),False,False,False,373.9020,374.9854,46.5967,5857.0000,8573.2500
2026-04-29T14:54:19.499011+00:00,AAPL,False,EMA20(269.50) not above EMA50(269.68); RSI(54.50) not above 55.0; volume(4167) not above avg(11343),False,False,False,269.5030,269.6841,54.5000,4167.0000,11343.4000
2026-04-29T14:54:19.696027+00:00,MSFT,False,EMA20(425.50) not above EMA50(426.24); RSI(46.01) not above 55.0; volume(5097) not above avg(12058),False,False,False,425.5010,426.2423,46.0140,5097.0000,12057.8500
2026-04-29T14:54:20.081036+00:00,NVDA,False,EMA20(211.49) not above EMA50(211.83); RSI(43.45) not above 55.0; volume(48637) not above avg(56958),False,False,False,211.4879,211.8289,43.4479,48637.0000,56958.4000
2026-04-29T14:54:20.648803+00:00,TSLA,False,EMA20(373.88) not above EMA50(374.93); RSI(46.32) not above 55.0; volume(3364) not above avg(8779),False,False,False,373.8800,374.9338,46.3225,3364.0000,8779.4000
2026-04-29T14:59:21.356597+00:00,AAPL,False,EMA20(269.50) not above EMA50(269.67); RSI(47.76) not above 55.0; volume(3168) not above avg(8970),False,False,False,269.4965,269.6744,47.7635,3168.0000,8970.0500
2026-04-29T14:59:21.494659+00:00,MSFT,False,EMA20(425.46) not above EMA50(426.20); RSI(46.47) not above 55.0; volume(4617) not above avg(12345),False,False,False,425.4628,426.1973,46.4730,4617.0000,12344.8500
2026-04-29T14:59:21.648904+00:00,NVDA,False,EMA20(211.45) not above EMA50(211.80); RSI(47.42) not above 55.0; volume(32882) not above avg(59158),False,False,False,211.4526,211.8005,47.4205,32882.0000,59158.2500
2026-04-29T14:59:21.796614+00:00,TSLA,False,EMA20(373.80) not above EMA50(374.86); RSI(41.85) not above 55.0,False,False,True,373.8026,374.8611,41.8451,25945.0000,10102.1000
2026-04-29T15:04:22.394778+00:00,AAPL,False,EMA20(269.43) not above EMA50(269.64); RSI(42.11) not above 55.0; volume(5736) not above avg(9305),False,False,False,269.4337,269.6414,42.1137,5736.0000,9304.6500
2026-04-29T15:04:22.574009+00:00,MSFT,False,EMA20(425.47) not above EMA50(426.17); RSI(47.86) not above 55.0; volume(6810) not above avg(12778),False,False,False,425.4706,426.1721,47.8646,6810.0000,12777.9500
2026-04-29T15:04:22.740810+00:00,NVDA,False,EMA20(211.39) not above EMA50(211.76); RSI(43.58) not above 55.0; volume(33823) not above avg(61160),False,False,False,211.3932,211.7623,43.5796,33823.0000,61159.8500
2026-04-29T15:04:22.877129+00:00,TSLA,False,EMA20(373.68) not above EMA50(374.77); RSI(39.06) not above 55.0; volume(3340) not above avg(10286),False,False,False,373.6806,374.7699,39.0617,3340.0000,10285.8000
2026-04-29T15:09:23.509772+00:00,AAPL,False,EMA20(269.43) not above EMA50(269.63); RSI(46.49) not above 55.0; volume(5414) not above avg(9711),False,False,False,269.4334,269.6336,46.4896,5414.0000,9710.5500
2026-04-29T15:09:23.646079+00:00,MSFT,False,EMA20(425.47) not above EMA50(426.14); RSI(46.33) not above 55.0; volume(3589) not above avg(13026),False,False,False,425.4680,426.1443,46.3316,3589.0000,13025.9000
2026-04-29T15:09:23.788998+00:00,NVDA,False,EMA20(211.34) not above EMA50(211.73); RSI(43.97) not above 55.0; volume(22328) not above avg(62614),False,False,False,211.3449,211.7280,43.9668,22328.0000,62613.8500
2026-04-29T15:09:23.961540+00:00,TSLA,False,EMA20(373.37) not above EMA50(374.60); RSI(33.42) not above 55.0; volume(8453) not above avg(10733),False,False,False,373.3727,374.5991,33.4152,8453.0000,10733.0000
2026-04-29T15:14:24.565052+00:00,AAPL,False,EMA20(269.40) not above EMA50(269.61); RSI(45.49) not above 55.0; volume(4648) not above avg(8244),False,False,False,269.4037,269.6133,45.4851,4648.0000,8244.0000
2026-04-29T15:14:24.719646+00:00,MSFT,False,EMA20(425.37) not above EMA50(426.08); RSI(42.32) not above 55.0; volume(9856) not above avg(11984),False,False,False,425.3687,426.0768,42.3186,9856.0000,11983.5000
2026-04-29T15:14:24.854349+00:00,NVDA,False,EMA20(211.24) not above EMA50(211.67); RSI(40.72) not above 55.0; volume(56025) not above avg(60746),False,False,False,211.2449,211.6713,40.7154,56025.0000,60745.9000
2026-04-29T15:14:24.986036+00:00,TSLA,False,EMA20(373.16) not above EMA50(374.46); RSI(39.23) not above 55.0,False,False,True,373.1613,374.4630,39.2250,10870.0000,9992.1500
2026-04-29T15:19:25.572645+00:00,AAPL,False,EMA20(269.34) not above EMA50(269.58); RSI(43.28) not above 55.0; volume(4580) not above avg(7685),False,False,False,269.3409,269.5787,43.2834,4580.0000,7685.1000
2026-04-29T15:19:25.742891+00:00,MSFT,False,EMA20(425.27) not above EMA50(426.01); RSI(43.46) not above 55.0; volume(4846) not above avg(11731),False,False,False,425.2676,426.0070,43.4589,4846.0000,11731.4000
2026-04-29T15:19:25.927146+00:00,NVDA,False,EMA20(211.19) not above EMA50(211.63); RSI(43.94) not above 55.0; volume(42318) not above avg(56850),False,False,False,211.1905,211.6319,43.9379,42318.0000,56850.4000
2026-04-29T15:19:26.081922+00:00,TSLA,False,EMA20(373.14) not above EMA50(374.40); RSI(47.28) not above 55.0; volume(5110) not above avg(9552),False,False,False,373.1416,374.4038,47.2755,5110.0000,9552.1000
2026-04-29T15:24:26.653142+00:00,AAPL,False,EMA20(269.29) not above EMA50(269.55); RSI(42.92) not above 55.0; volume(6003) not above avg(7215),False,False,False,269.2933,269.5495,42.9214,6003.0000,7214.9500
2026-04-29T15:24:26.832086+00:00,MSFT,False,EMA20(425.18) not above EMA50(425.94); RSI(43.26) not above 55.0; volume(6568) not above avg(11504),False,False,False,425.1767,425.9401,43.2566,6568.0000,11503.5500
2026-04-29T15:24:26.998378+00:00,NVDA,False,EMA20(211.18) not above EMA50(211.61); RSI(46.01) not above 55.0; volume(40425) not above avg(55641),False,False,False,211.1802,211.6107,46.0124,40425.0000,55641.4000
2026-04-29T15:24:27.204179+00:00,TSLA,False,EMA20(373.16) not above EMA50(374.36); RSI(48.52) not above 55.0; volume(6658) not above avg(9141),False,False,False,373.1613,374.3627,48.5216,6658.0000,9140.8000
2026-04-29T15:29:27.798111+00:00,AAPL,False,EMA20(269.26) not above EMA50(269.53); RSI(43.01) not above 55.0; volume(4438) not above avg(6861),False,False,False,269.2647,269.5278,43.0072,4438.0000,6861.0000
2026-04-29T15:29:27.952138+00:00,MSFT,False,EMA20(425.10) not above EMA50(425.88); RSI(42.16) not above 55.0; volume(4448) not above avg(10193),False,False,False,425.0965,425.8773,42.1648,4448.0000,10193.0500
2026-04-29T15:29:28.090158+00:00,NVDA,False,EMA20(211.14) not above EMA50(211.58); RSI(44.76) not above 55.0; volume(36654) not above avg(53275),False,False,False,211.1365,211.5756,44.7647,36654.0000,53274.7500
2026-04-29T15:29:28.229983+00:00,TSLA,False,EMA20(373.25) not above EMA50(374.35); RSI(51.85) not above 55.0; volume(5166) not above avg(8924),False,False,False,373.2494,374.3523,51.8516,5166.0000,8924.0500
2026-04-30T14:45:49.104392+00:00,AAPL,False,volume(16016) not above avg(23490),True,True,False,270.8523,270.3872,57.2102,16016.0000,23489.8500
2026-04-30T14:45:49.972183+00:00,MSFT,False,EMA20(407.17) not above EMA50(413.75); RSI(39.63) not above 55.0; volume(20536) not above avg(36901),False,False,False,407.1750,413.7472,39.6328,20536.0000,36900.9000
2026-04-30T14:45:50.407206+00:00,NVDA,False,EMA20(203.69) not above EMA50(206.39); RSI(30.27) not above 55.0,False,False,True,203.6870,206.3905,30.2720,180471.0000,134874.6000
2026-04-30T14:45:51.112849+00:00,TSLA,False,EMA20(371.25) not above EMA50(371.85),False,True,True,371.2469,371.8542,55.8507,9219.0000,7631.5500
2026-04-30T14:50:53.337281+00:00,AAPL,False,RSI(52.68) not above 55.0; volume(20467) not above avg(23402),True,False,False,270.8674,270.4116,52.6838,20467.0000,23401.7000
2026-04-30T14:50:53.783901+00:00,MSFT,False,EMA20(406.97) not above EMA50(413.41); RSI(41.97) not above 55.0; volume(25878) not above avg(38185),False,False,False,406.9712,413.4056,41.9710,25878.0000,38185.1500
2026-04-30T14:50:54.452794+00:00,NVDA,False,EMA20(203.46) not above EMA50(206.19); RSI(34.37) not above 55.0; volume(69604) not above avg(138327),False,False,False,203.4577,206.1901,34.3728,69604.0000,138327.3000
2026-04-30T14:50:55.099468+00:00,TSLA,False,EMA20(371.56) not above EMA50(371.96); volume(5521) not above avg(7900),False,True,False,371.5567,371.9580,61.7162,5521.0000,7899.6000
2026-04-30T14:55:55.761150+00:00,AAPL,False,RSI(54.81) not above 55.0; volume(18646) not above avg(22089),True,False,False,270.9057,270.4453,54.8137,18646.0000,22088.6000
2026-04-30T14:55:55.910553+00:00,MSFT,False,EMA20(406.86) not above EMA50(413.11); RSI(43.68) not above 55.0; volume(36434) not above avg(39999),False,False,False,406.8572,413.1063,43.6836,36434.0000,39998.8500
2026-04-30T14:55:56.052064+00:00,NVDA,False,EMA20(203.29) not above EMA50(206.01); RSI(36.97) not above 55.0; volume(110237) not above avg(143832),False,False,False,203.2894,206.0137,36.9707,110237.0000,143831.6500
2026-04-30T14:55:56.192325+00:00,TSLA,False,EMA20(371.88) not above EMA50(372.07); volume(5463) not above avg(8157),False,True,False,371.8789,372.0749,63.0455,5463.0000,8157.4500
2026-04-30T15:00:59.341389+00:00,AAPL,False,RSI(51.01) not above 55.0; volume(14573) not above avg(22811),True,False,False,270.9023,270.4619,51.0094,14573.0000,22811.2000
2026-04-30T15:00:59.530041+00:00,MSFT,False,EMA20(406.80) not above EMA50(412.84); RSI(44.76) not above 55.0; volume(36847) not above avg(41839),False,False,False,406.7975,412.8367,44.7631,36847.0000,41839.2000
2026-04-30T15:01:00.748525+00:00,NVDA,False,EMA20(203.15) not above EMA50(205.85); RSI(37.56) not above 55.0; volume(84368) not above avg(148029),False,False,False,203.1456,205.8476,37.5550,84368.0000,148028.8000
2026-04-30T15:01:02.150111+00:00,TSLA,False,volume(1585) not above avg(8611),True,True,False,372.6795,372.3984,67.7898,1585.0000,8611.2500
2026-04-30T15:06:05.438815+00:00,AAPL,False,RSI(52.57) not above 55.0; volume(4478) not above avg(23748),True,False,False,270.9369,270.5106,52.5730,4478.0000,23748.2000
2026-04-30T15:06:05.929716+00:00,MSFT,False,EMA20(406.53) not above EMA50(412.26); RSI(42.51) not above 55.0; volume(3465) not above avg(43492),False,False,False,406.5348,412.2616,42.5061,3465.0000,43492.0500
2026-04-30T15:06:06.430359+00:00,NVDA,False,EMA20(202.90) not above EMA50(205.54); RSI(37.98) not above 55.0; volume(8467) not above avg(153916),False,False,False,202.8996,205.5355,37.9843,8467.0000,153915.7500
2026-04-30T15:06:07.680545+00:00,TSLA,False,volume(988) not above avg(9357),True,True,False,373.1923,372.6231,66.4789,988.0000,9356.8000
2026-04-30T15:11:11.377787+00:00,AAPL,False,RSI(54.21) not above 55.0; volume(3778) not above avg(22991),True,False,False,270.9852,270.5477,54.2054,3778.0000,22990.9000
2026-04-30T15:11:11.785329+00:00,MSFT,False,EMA20(406.39) not above EMA50(411.98); RSI(42.14) not above 55.0; volume(4336) not above avg(37781),False,False,False,406.3880,411.9767,42.1377,4336.0000,37781.0000
2026-04-30T15:11:12.411055+00:00,NVDA,False,EMA20(202.88) not above EMA50(205.42); RSI(40.77) not above 55.0; volume(17270) not above avg(151030),False,False,False,202.8767,205.4239,40.7659,17270.0000,151030.4500
2026-04-30T15:11:13.061270+00:00,TSLA,False,volume(1153) not above avg(8840),True,True,False,373.6334,372.8278,68.6203,1153.0000,8839.8500
2026-04-30T15:16:16.141414+00:00,AAPL,False,volume(3963) not above avg(21701),True,True,False,271.0214,270.5797,55.3164,3963.0000,21701.4500
2026-04-30T15:16:16.364699+00:00,MSFT,False,EMA20(406.23) not above EMA50(411.69); RSI(42.53) not above 55.0; volume(2850) not above avg(35263),False,False,False,406.2324,411.6929,42.5307,2850.0000,35262.8000
2026-04-30T15:16:16.701852+00:00,NVDA,False,EMA20(202.75) not above EMA50(205.27); RSI(39.21) not above 55.0; volume(7565) not above avg(147340),False,False,False,202.7464,205.2696,39.2142,7565.0000,147340.3500
2026-04-30T15:16:17.021580+00:00,TSLA,False,volume(1694) not above avg(8688),True,True,False,373.8282,372.9372,64.1140,1694.0000,8688.3000
2026-04-30T15:21:17.710563+00:00,AAPL,False,RSI(54.55) not above 55.0; volume(5148) not above avg(21875),True,False,False,271.0284,270.5995,54.5538,5148.0000,21875.2000
2026-04-30T15:21:17.847324+00:00,MSFT,False,EMA20(405.98) not above EMA50(411.37); RSI(40.41) not above 55.0; volume(5683) not above avg(34303),False,False,False,405.9804,411.3737,40.4103,5683.0000,34303.3000
2026-04-30T15:21:18.001718+00:00,NVDA,False,EMA20(202.67) not above EMA50(205.14); RSI(39.83) not above 55.0; volume(8611) not above avg(141637),False,False,False,202.6680,205.1384,39.8320,8611.0000,141636.6500
2026-04-30T15:21:18.152771+00:00,TSLA,False,volume(1312) not above avg(8428),True,True,False,374.1359,373.0994,64.1835,1312.0000,8427.5500
2026-04-30T15:26:18.822758+00:00,AAPL,False,volume(3218) not above avg(21965),True,True,False,271.0803,270.6379,56.2189,3218.0000,21964.7500
2026-04-30T15:26:18.994837+00:00,MSFT,False,EMA20(405.70) not above EMA50(411.05); RSI(38.68) not above 55.0; volume(4373) not above avg(32799),False,False,False,405.6989,411.0455,38.6795,4373.0000,32798.8500
2026-04-30T15:26:19.153272+00:00,NVDA,False,EMA20(202.47) not above EMA50(204.96); RSI(36.23) not above 55.0; volume(19368) not above avg(140365),False,False,False,202.4695,204.9583,36.2250,19368.0000,140364.5500
2026-04-30T15:26:19.291514+00:00,TSLA,False,volume(2277) not above avg(8441),True,True,False,374.5753,373.3224,68.3672,2277.0000,8441.1500
2026-05-01T15:22:11.230921+00:00,AAPL,False,volume(12870) not above avg(47039),True,True,False,282.5190,279.3799,62.0553,12870.0000,47039.4000
2026-05-01T15:22:11.443431+00:00,MSFT,False,volume(1894) not above avg(18692),True,True,False,412.9001,410.8874,56.5623,1894.0000,18691.5000
2026-05-01T15:22:11.593876+00:00,NVDA,False,EMA20(199.72) not above EMA50(200.32); RSI(48.20) not above 55.0; volume(8010) not above avg(64069),False,False,False,199.7210,200.3220,48.1955,8010.0000,64068.7500
2026-05-01T15:22:11.779743+00:00,TSLA,False,volume(1875) not above avg(9655),True,True,False,388.4740,385.1882,68.0685,1875.0000,9654.6000
2026-05-01T15:27:13.701454+00:00,AAPL,False,volume(12643) not above avg(43901),True,True,False,282.6096,279.5398,59.5472,12643.0000,43901.2500
2026-05-01T15:27:13.908366+00:00,MSFT,False,volume(12931) not above avg(18509),True,True,False,413.0308,411.0204,58.4852,12931.0000,18508.9500
2026-05-01T15:27:14.384859+00:00,NVDA,False,EMA20(199.60) not above EMA50(200.25); RSI(42.31) not above 55.0; volume(16611) not above avg(59675),False,False,False,199.6044,200.2492,42.3111,16611.0000,59674.8500
2026-05-01T15:27:14.593668+00:00,TSLA,False,volume(2108) not above avg(9344),True,True,False,388.9092,385.4979,70.2429,2108.0000,9343.9500
